Trigger_Cr,Avg_Insurer_Loss,Reinsurance_Premium,Total_Cost,Trigger_Frequency,Max_Loss_95pct
500,158.32646697898173,15.0,173.32646697898173,0.0,14.536203313894296
600,158.32646697898173,18.0,176.32646697898173,0.0,14.536203313894296
700,158.32646697898173,21.0,179.32646697898173,0.0,14.536203313894296
800,158.32646697898173,24.0,182.32646697898173,0.0,14.536203313894296
900,158.32646697898173,27.0,185.32646697898173,0.0,14.536203313894296
1000,158.32646697898173,30.0,188.32646697898173,0.0,14.536203313894296
1200,158.32646697898173,36.0,194.32646697898173,0.0,14.536203313894296
